Year,Week #,Date,Day of Week,Restaurant Name,Total Buckets,Total Weight (lbs),Shell Only Weight,Gallons Water Used,$ Saved from Waste,Tax Credit $
,,,,,,,7224.77,,,
2025,1,5/20/25,Monday,Elwood's,5,25.2,10.2,-,-,-
2025,1,5/23/25,Friday,Elwood's,5,78.02,63.02,,,
2025,1,5/23/25,Friday,Del Mar,1,8.62,5.62,,,
2025,1,5/23/25,Friday,Mac's,3,54.18,45.18,,,
2025,1,5/23/25,Friday,Captain Parker's,3,59.37,50.37,,,
2025,2,5/27/25,Tuesday,Elwood's,5,88.58,73.58,,,
2025,2,5/27/25,Tuesday,Mac's,6,130.52,112.52,,,
2025,2,5/27/25,Tuesday,Captain Parker's,1,20.92,17.92,,,
2025,2,5/30/25,Friday,Elwood's,1,14.2,11.2,,,
2025,2,5/30/25,Friday,Del Mar,3,35.18,26.18,,,
2025,2,5/30/25,Friday,Mac's,4,44.49,32.49,,,
2025,2,5/30/25,Friday,Captain Parker's,1,11.61,8.61,,,
2025,3,6/2/25,Monday,Elwood's,2,43.53,37.53,,,
2025,3,6/2/25,Monday,Del Mar,1,9.48,6.48,,,
2025,3,6/2/25,Monday,Mac's,3,57.42,48.42,,,
2025,3,6/2/25,Monday,Captain Parker's,1,12.62,9.62,,,
2025,3,6/6/25,Friday,Elwood's,3,49.64,40.64,,,
2025,3,6/6/25,Friday,Del Mar,3,20.09,11.09,,,
2025,3,6/6/25,Friday,Mac's,7,98.51,77.51,,,
2025,3,6/6/25,Friday,Captain Parker's,1,8.58,5.58,,,
2025,4,6/9/25,Monday,Elwood's,5,81.12,66.12,,,
2025,4,6/9/25,Monday,Del Mar,2,17.63,11.63,,,
2025,4,6/9/25,Monday,Mac's,4,58.16,46.16,,,
2025,4,6/9/25,Monday,Captain Parker's,1,16.99,13.99,,,
2025,4,6/11/25,Wednesday,Del Mar,2,18.91,12.91,,,
2025,4,6/11/25,Wednesday,Mac's,2,35.89,29.89,,,
2025,4,6/11/25,Wednesday,Lighthouse Inn,1,17.8,14.8,,,
2025,4,6/11/25,Wednesday,Captain Parker's,1,10.15,7.15,,,
2025,5,6/18/25,Wednesday,Elwood's,8,147.39,123.39,,,
2025,5,6/18/25,Wednesday,Del Mar,3,59.84,50.84,,,
2025,5,6/18/25,Wednesday,Mac's,8,165.96,141.96,,,
2025,5,6/18/25,Wednesday,Lighthouse Inn,1,16.71,13.71,,,
2025,5,6/18/25,Wednesday,Captain Parker's,2,41.71,35.71,,,
2025,5,6/20/25,Friday,Elwood's,3,62.02,53.02,,,
2025,5,6/20/25,Friday,Del Mar,1,20.86,17.86,,,
2025,5,6/20/25,Friday,Mac's,2,38.2,32.2,,,
2025,5,6/20/25,Friday,Captain Parker's,2,28.7,22.7,,,
2025,6,6/23/25,Monday,Elwood's,8,168.72,144.72,,,
2025,6,6/23/25,Monday,Del Mar,2,42.81,36.81,,,
2025,6,6/23/25,Monday,Mac's,7,123.4,102.4,,,
2025,6,6/23/25,Monday,Captain Parker's,1,22.21,19.21,,,
2025,6,6/27/25,Friday,Elwood's,7,123.51,102.51,,,
2025,6,6/27/25,Friday,Del Mar,3,66.04,57.04,,,
2025,6,6/27/25,Friday,Mac's,7,121.21,100.21,,,
2025,6,6/27/25,Friday,Captain Parker's,1,19.16,16.16,,,
2025,7,6/30/25,Monday,Elwood's,7,134.45,113.45,,,
2025,7,6/30/25,Monday,Del Mar,2,36.2,30.2,,,
2025,7,6/30/25,Monday,Mac's,6,99.44,81.44,,,
2025,7,6/30/25,Monday,Captain Parker's,4,61.6,49.6,,,
2025,7,7/5/25,Saturday,Elwood's,14,288.25,246.25,,,
2025,7,7/5/25,Saturday,Del Mar,3,40.82,31.82,,,
2025,7,7/5/25,Saturday,Mac's,8,204.92,180.92,,,
2025,7,7/5/25,Saturday,Captain Parker's,2,40.65,34.65,,,
2025,8,7/7/25,Monday,Elwood's,10,216.73,186.73,,,
2025,8,7/7/25,Monday,Del Mar,2,32.4,26.4,,,
2025,8,7/7/25,Monday,Mac's,8,158.73,134.73,,,
2025,8,7/7/25,Monday,Captain Parker's,2,40.93,34.93,,,
2025,8,7/11/25,Friday,Elwood's,6,128.5,110.5,,,
2025,8,7/11/25,Friday,Del Mar,3,64.39,55.39,,,
2025,8,7/11/25,Friday,Mac's,6,132.42,114.42,,,
2025,8,7/11/25,Friday,Captain Parker's,1,20.05,17.05,,,
2025,9,7/14/25,Monday,Elwood's,10,173.18,143.18,,,
2025,9,7/14/25,Monday,Del Mar,2,28.9,22.9,,,
2025,9,7/14/25,Monday,Mac's,7,144,123,,,
2025,9,7/14/25,Monday,Captain Parker's,1,23.84,20.84,,,
2025,9,7/18/25,Friday,Elwood's,4,83.15,71.15,,,
2025,9,7/18/25,Friday,Del Mar,3,57.89,48.89,,,
2025,9,7/18/25,Friday,Mac's,6,114.02,96.02,,,
2025,9,7/18/25,Friday,Captain Parker's,1,19.5,16.5,,,
2025,10,7/21/25,Monday,Elwood's,12,229.15,193.15,,,
2025,10,7/21/25,Monday,Del Mar,2,37.83,31.83,,,
2025,10,7/21/25,Monday,Mac's,5,105.32,90.32,,,
2025,10,7/21/25,Monday,Captain Parker's,3,46.51,37.51,,,
2025,10,7/25/25,Friday,Elwood's,8,171.13,147.13,,,
2025,10,7/25/25,Friday,Del Mar,3,62.75,53.75,,,
2025,10,7/25/25,Friday,Mac's,5,96.73,81.73,,,
2025,10,7/25/25,Friday,Captain Parker's,2,38.09,32.09,,,
2025,11,7/28/25,Monday,Gloucester Shell-abration,3,76.91,67.91,,,
2025,11,7/28/25,Monday,Oyster Fest,11,255.84,222.84,,,
2025,11,7/28/25,Monday,Elwood's,11,218.52,185.52,,,
2025,11,7/28/25,Monday,Del Mar,1,21.19,18.19,,,
2025,11,7/28/25,Monday,Mac's,4,87.7,75.7,,,
2025,11,7/28/25,Monday,Captain Parker's,3,41.06,32.06,,,
2025,11,8/1/25,Friday,Elwood's,11,217.65,184.65,,,
2025,11,8/1/25,Friday,Del Mar,2,39,33,,,
2025,11,8/1/25,Friday,Mac's,4,69.05,57.05,,,
2025,11,8/1/25,Friday,Captain Parker's,1,19.55,16.55,,,
2025,12,8/4/25,Monday,Elwood's,17,322.78,271.78,,,
2025,12,8/4/25,Monday,Mac's,5,98.44,83.44,,,
2025,12,8/4/25,Monday,Captain Parker's,1,21.09,18.09,,,
2025,12,8/8/25,Friday,Elwood's,9,182.32,155.32,,,
2025,12,8/8/25,Friday,Del Mar,3,68.82,59.82,,,
2025,12,8/8/25,Friday,Mac's,4,67.98,55.98,,,
2025,12,8/8/25,Friday,Captain Parker's,1,22.88,19.88,,,
2025,13,8/11/25,Monday,Elwood's,13,262.37,223.37,,,
2025,13,8/11/25,Monday,Del Mar,2,38.62,32.62,,,
2025,13,8/11/25,Monday,Mac's,2,32.68,26.68,,,
2025,13,8/11/25,Monday,Captain Parker's,2,40.55,34.55,,,
2025,13,8/15/25,Friday,Elwood's,7,138.33,117.33,,,
2025,13,8/15/25,Friday,Del Mar,3,58.98,49.98,,,
2025,13,8/15/25,Friday,Mac's,5,104.5,89.5,,,
2025,13,8/15/25,Friday,Captain Parker's,1,15.73,12.73,,,
2025,14,8/18/25,Monday,Elwood's,10,184.28,154.28,,,
2025,14,8/18/25,Monday,Del Mar,1,16.45,13.45,,,
2025,14,8/18/25,Monday,Mac's,5,111.31,96.31,,,
2025,14,8/18/25,Monday,Captain Parker's,2,34.72,28.72,,,
2025,14,8/21/25,Thursday,Elwood's,5,98.66,83.66,,,
2025,14,8/21/25,Thursday,Del Mar,2,29.6,23.6,,,
2025,14,8/21/25,Thursday,Mac's,2,44.7,38.7,,,
2025,14,8/21/25,Thursday,Captain Parker's,1,19.18,16.18,,,